{
  "Home - WEB GET" : {
    "transaction" : "Home - WEB GET",
    "sampleCount" : 275,
    "errorCount" : 0,
    "errorPct" : 0.0,
    "meanResTime" : 297.5345454545456,
    "medianResTime" : 247.0,
    "minResTime" : 221.0,
    "maxResTime" : 4367.0,
    "pct1ResTime" : 282.0,
    "pct2ResTime" : 319.4,
    "pct3ResTime" : 2848.4000000000087,
    "throughput" : 4.732729838570888,
    "receivedKBytesPerSec" : 10.986034010041992,
    "sentKBytesPerSec" : 0.6193220687192372
  },
  "Total" : {
    "transaction" : "Total",
    "sampleCount" : 1088,
    "errorCount" : 0,
    "errorPct" : 0.0,
    "meanResTime" : 156.8354779411764,
    "medianResTime" : 113.0,
    "minResTime" : 60.0,
    "maxResTime" : 4367.0,
    "pct1ResTime" : 259.0,
    "pct2ResTime" : 275.0,
    "pct3ResTime" : 356.3299999999997,
    "throughput" : 18.584947559017458,
    "receivedKBytesPerSec" : 79.82114803794711,
    "sentKBytesPerSec" : 7.161508377532369
  },
  "Product Search - API GET" : {
    "transaction" : "Product Search - API GET",
    "sampleCount" : 275,
    "errorCount" : 0,
    "errorPct" : 0.0,
    "meanResTime" : 124.53090909090905,
    "medianResTime" : 111.0,
    "minResTime" : 75.0,
    "maxResTime" : 386.0,
    "pct1ResTime" : 178.20000000000002,
    "pct2ResTime" : 237.5999999999998,
    "pct3ResTime" : 343.0400000000002,
    "throughput" : 5.090707145501666,
    "receivedKBytesPerSec" : 66.96467309561274,
    "sentKBytesPerSec" : 0.7805088103942983
  },
  "User login - API POST" : {
    "transaction" : "User login - API POST",
    "sampleCount" : 271,
    "errorCount" : 0,
    "errorPct" : 0.0,
    "meanResTime" : 132.27675276752768,
    "medianResTime" : 113.0,
    "minResTime" : 84.0,
    "maxResTime" : 391.0,
    "pct1ResTime" : 211.8,
    "pct2ResTime" : 242.0,
    "pct3ResTime" : 318.5599999999986,
    "throughput" : 5.208733758745291,
    "receivedKBytesPerSec" : 6.0423443866764055,
    "sentKBytesPerSec" : 1.3266031331686785
  },
  "Product reviews - API PUT" : {
    "transaction" : "Product reviews - API PUT",
    "sampleCount" : 267,
    "errorCount" : 0,
    "errorPct" : 0.0,
    "meanResTime" : 70.11985018726597,
    "medianResTime" : 66.0,
    "minResTime" : 60.0,
    "maxResTime" : 115.0,
    "pct1ResTime" : 84.0,
    "pct2ResTime" : 89.19999999999999,
    "pct3ResTime" : 111.32,
    "throughput" : 5.146690311885578,
    "receivedKBytesPerSec" : 1.9802695145340992,
    "sentKBytesPerSec" : 5.244595041491577
  }
}